comparison,feature,gain,auc,psi,ks,time_monotone,mean_ref,mean_cmp,position_artifact,severity,psi_band,psi_significant,drop_candidate
RAW COLUMNS: train (Jan 1 - Jul 15) vs test (Jul 16 - Sep 15),account_age_days,0.8856350220630957,0.5534031139946145,0.22139828775737094,0.12630150696100698,0.8474669000984789,458.8718518680442,512.945124272791,False,,moderate,True,False
RAW COLUMNS: train (Jan 1 - Jul 15) vs test (Jul 16 - Sep 15),location,0.05870144330992824,0.5027799914966182,0.0002998274418415337,0.005309247006383355,0.2421490316227158,24.739646037527564,24.855643294447322,False,,stable,True,False
RAW COLUMNS: train (Jan 1 - Jul 15) vs test (Jul 16 - Sep 15),device_type,0.019492477527238393,0.500622501767273,2.2769060428156143e-05,0.001856879458944416,0.20932268300689352,2.7597733153719832,2.7561946026621182,False,,stable,False,False
RAW COLUMNS: train (Jan 1 - Jul 15) vs test (Jul 16 - Sep 15),amount_bdt,0.01883795535247303,0.5011460203629219,0.00019908887029894488,0.0029966832347169126,0.8936426304847357,1027.6664133513516,938.7857148502758,False,,stable,True,False
RAW COLUMNS: train (Jan 1 - Jul 15) vs test (Jul 16 - Sep 15),dayofweek,0.008783941892054895,0.5079589514072087,0.0031177273305548862,0.018812370621100638,0.136885873727979,2.998764929461624,3.054494989491639,False,,stable,True,False
RAW COLUMNS: train (Jan 1 - Jul 15) vs test (Jul 16 - Sep 15),merchant_category,0.0037719011355361242,0.5001222513380437,1.1024192034959894e-05,0.0006951586835652335,0.18306160411423567,5.467200953080982,5.467096646462185,False,,stable,False,False
RAW COLUMNS: train (Jan 1 - Jul 15) vs test (Jul 16 - Sep 15),hour,0.0024577116108818616,0.5008608114591384,0.00012128452386899065,0.0025079320815198924,0.3432541853594485,13.629470641116372,13.649679418841949,False,,stable,True,False
RAW COLUMNS: train (Jan 1 - Jul 15) vs test (Jul 16 - Sep 15),log_amount,0.001057244261269907,0.5011460203629219,0.00019908887029894488,0.0029966832347169126,0.648101542838385,6.2208473402034326,6.210706380535329,False,,stable,True,False
RAW COLUMNS: train (Jan 1 - Jul 15) vs test (Jul 16 - Sep 15),payment_method,0.0006442656860725731,0.5003750809786869,1.1507515657535835e-05,0.0011359919354995973,0.12397417660575556,2.2011580152525747,2.19892022783345,False,,stable,False,False
RAW COLUMNS: train (Jan 1 - Jul 15) vs test (Jul 16 - Sep 15),transaction_type,0.0006180371614491703,0.5000109073900372,2.161050781856682e-06,0.00036822110707943057,0.08808403545245651,2.3074109697216447,2.3071144649873596,False,,stable,False,False
ENGINEERED FEATURES: train vs test,merch_age_days,0.5888892370037571,0.9969744176400079,6.67581686454627,0.9832938726870406,1.0,98.7080924944448,226.22969202452288,True,severe,significant,True,False
ENGINEERED FEATURES: train vs test,g_comp_size,0.36576780372212153,0.9808482692656881,10.047986030716578,0.9584833609862027,0.9759273443483969,38546.76231463223,57356.06362507996,True,severe,significant,True,False
ENGINEERED FEATURES: train vs test,dev_age_days,0.016322101465974438,0.9945955215898892,7.606486209076131,0.9429485529823244,1.0,94.80197151254669,221.39022986785983,True,severe,significant,True,False
ENGINEERED FEATURES: train vs test,g_comp_n_cust,0.010021836051389206,0.9811464091041514,10.038139327740021,0.9584833609862027,0.9800853485064012,25626.567716956903,38487.14108236118,True,severe,significant,True,False
ENGINEERED FEATURES: train vs test,day_of_month,0.008879202024801858,0.5270110129764938,0.012913393673974177,0.04724044764086244,0.0784549731918153,15.024092072869161,15.873469434376046,False,,stable,True,False
ENGINEERED FEATURES: train vs test,days_since_graph_snapshot,0.0036966617176227906,0.5126544397272352,0.14578606440036324,0.020785353397998474,0.048911259437575225,3.55808449070949,3.596157526120395,False,,moderate,True,False
ENGINEERED FEATURES: train vs test,g_comp_n_dev,0.001951854485220561,0.980840571150742,10.168624772645316,0.9584833609862027,0.9669548090600721,12920.194597675329,18868.92254271877,True,severe,significant,True,False
ENGINEERED FEATURES: train vs test,dow_sin,0.001547169075566094,0.5132246569034167,0.0031198808192674445,0.024581785898221575,0.09267972425867164,0.0005646700501035765,-0.0323155140769474,False,,stable,True,False
ENGINEERED FEATURES: train vs test,account_age_days,0.0012598056135065749,0.5534031139946145,0.22139828775737094,0.12630150696100698,0.8474669000984789,458.8718518680442,512.945124272791,False,,moderate,True,False
ENGINEERED FEATURES: train vs test,gnn_cust_emb_drift,0.0003592982332721983,0.8493519882948496,3.042318445511061,0.646133712426748,0.5464675201517306,0.02859506850277155,0.02051336022328148,False,,significant,True,True
ENGINEERED FEATURES: train vs test,loc_prior_n,0.00028913973181240164,0.6990326691576295,1.5718346852104026,0.28496314458895555,1.0,42008.84228258523,99798.81026697329,True,mild,significant,True,False
ENGINEERED FEATURES: train vs test,dow_cos,0.0002699911586815579,0.5006898396942899,0.00028988750399390646,0.006537300471152863,0.05197505197505197,0.00041575030477195024,-0.0020226586379964323,False,,stable,True,False
ENGINEERED FEATURES: train vs test,cust_stream_age_days,0.00022424671127811314,0.880815818897786,2.663066765832096,0.7487124927610438,0.9914651493598862,87.39725823842352,189.86733416561182,True,moderate,significant,True,False
ENGINEERED FEATURES: train vs test,account_age_log,0.00013903643620510992,0.5534031139946145,0.22139828775737094,0.12630150696100698,0.5157019367545683,5.772303397208365,5.787416910505916,False,,moderate,True,False
ENGINEERED FEATURES: train vs test,merch_age_frac,0.00013176141457136708,0.5741918189066477,0.32893899005579413,0.1753612897541036,0.9822737717474559,0.9801295099577549,0.9935014563310277,False,,significant,True,False
ENGINEERED FEATURES: train vs test,cust_txn_per_active_day,5.1678698644463356e-05,0.5265110234538944,0.028760150149546113,0.048402109428429374,0.4739030528504213,0.3876058626683573,0.6868847591794442,False,,stable,True,False
ENGINEERED FEATURES: train vs test,merch_n_24h,3.694522611300418e-05,0.5330877497062834,0.08804591216332701,0.15102186895202563,0.963234489550279,230.94518008257484,266.18612744052876,False,,stable,True,False
ENGINEERED FEATURES: train vs test,g_dev_2hop,2.9128911043378246e-05,0.8545161109630935,2.2826832074940056,0.5493721639738994,1.0,11.27108415356924,34.953782248484664,True,moderate,significant,True,False
ENGINEERED FEATURES: train vs test,merch_prior_ncust,2.7918407768540677e-05,0.6006390367371109,0.22920495265545482,0.19322557557159137,0.9984681037312616,7358.184231810717,11614.564314215224,True,mild,moderate,True,False
ENGINEERED FEATURES: train vs test,g_cust_emb_drift,2.285742206483314e-05,0.5269939672543908,0.7328662359929022,0.13030891276840684,0.023233760075865334,1.003467287767327,0.9747814915637905,False,,significant,True,False
ENGINEERED FEATURES: train vs test,g_dev_emb_norm,2.2254589745470135e-05,0.7158192200348452,2.9043864434219504,0.49311832937085354,0.6010504431557063,0.010387178150965785,0.005900503654809805,False,,significant,True,False
ENGINEERED FEATURES: train vs test,dev_prior_nloc,1.9355864746229484e-05,0.7799013402132944,1.36725777942674,0.43524166293851974,1.0,5.984963289440967,10.071552039231214,True,moderate,significant,True,False
ENGINEERED FEATURES: train vs test,merch_prior_n,1.390735557623503e-05,0.6381162450319993,0.2944102012704446,0.21837861970805317,0.9997811576758946,22668.589520754376,53341.2806912674,True,mild,significant,True,False
ENGINEERED FEATURES: train vs test,merch_dt,8.601893748503446e-06,0.510498087685002,0.016798380219984806,0.023705772460091645,0.7664952401794506,67930.79729967407,79811.78850519548,False,,stable,True,False
ENGINEERED FEATURES: train vs test,merch_prior_ndev,6.54177613747918e-06,0.6072572732824556,0.25014980804774944,0.19621790723275645,0.9982492614071562,5590.154961731941,7835.187494288934,True,mild,significant,True,False
ENGINEERED FEATURES: train vs test,loc_n_24h,3.931379319195764e-06,0.5634539154263292,1.202942582633135,0.23853093743135256,0.9656417551154393,428.0186763432075,501.7254309950961,False,,significant,True,False
ENGINEERED FEATURES: train vs test,cust_time_concentration,1.8259379761013147e-06,0.5438714540132081,0.33040232049415674,0.15246523932844946,0.9807418754787175,0.49669794800387357,0.4391080581733155,False,,significant,True,False
ENGINEERED FEATURES: train vs test,dev_age_frac,1.5627877899703577e-06,0.6779331692040621,0.5052549751564278,0.2517319032298986,0.9816172447751396,0.9014640451936513,0.9722427184335266,True,mild,significant,True,False
ENGINEERED FEATURES: train vs test,g_cust_emb_norm,1.479498271323614e-06,0.6904897502499532,1.5262307281872611,0.41017281770851455,0.5767589451799979,0.00803301466108883,0.004942094675955956,False,,significant,True,False
ENGINEERED FEATURES: train vs test,merch_log_dt,1.472362408134462e-06,0.5104980876928047,0.016798380219984806,0.023705772460091645,0.4795929532771638,6.723995942079071,6.614472816160324,False,,stable,True,False
ENGINEERED FEATURES: train vs test,merch_n_1h,1.3930428663451398e-06,0.5205419657863956,0.013010216216691465,0.046809685106554144,0.9662982820877558,12.650160805091113,14.639136791447108,False,,stable,True,False
ENGINEERED FEATURES: train vs test,amt_ratio_last20,0.0,0.5258078105489785,0.12034749999310895,0.016734617747329428,0.9168399168399168,1.1875943641264488,1.0688308676292704,False,,moderate,True,False
ENGINEERED FEATURES: train vs test,amt_ratio_mean_by_categ,0.0,0.5671541115091032,0.17467311698676283,0.02423775529737049,0.9557938505306927,1.2960005405412602,1.1287889774435644,False,,moderate,True,False
ENGINEERED FEATURES: train vs test,amt_z_by_categ,0.0,0.6067600718963002,0.24238262877995012,0.023213658168853235,0.6189955137323558,2.8003321184826584,0.6044124096884503,False,,moderate,True,False
ENGINEERED FEATURES: train vs test,amt_ratio_last5,0.0,0.5263556852226408,0.1186282452585412,0.014217838439348318,0.9065543276069592,1.2679593444956414,1.1522481115648815,False,,moderate,True,False
ENGINEERED FEATURES: train vs test,amt_z,0.0,0.5496428920573105,0.218966899009462,0.031900939487370494,0.8398074187547873,1.5692155993409265,0.16871974570937845,False,,moderate,True,False
ENGINEERED FEATURES: train vs test,log_amt_ratio_mean,0.0,0.5159957164670896,0.12197900817108773,0.023651440838139748,0.6249042564832038,-0.2268741681383615,-0.245792165076259,False,,moderate,True,False
ENGINEERED FEATURES: train vs test,amt_ratio_last1,0.0,0.5241239226568684,0.1155311910304882,0.004039374279679382,0.8384943648101544,1.641997868930021,1.5081034822387387,False,,moderate,True,False
ENGINEERED FEATURES: train vs test,dayofweek,0.0,0.5079589514072087,0.0031177273305548862,0.018812370621100638,0.136885873727979,2.998764929461624,3.054494989491639,False,,stable,True,False
ENGINEERED FEATURES: train vs test,hour_cos,0.0,0.5015078898220895,5.999821593268e-05,0.003317978559354118,0.5507167086114454,-0.2670175895051067,-0.27077884492501664,False,,stable,False,False
ENGINEERED FEATURES: train vs test,minute_of_day,0.0,0.5007917779368262,0.00010862259712200415,0.0027776181786980797,0.31589889484626327,847.2877386459583,848.4242864975176,False,,stable,True,False
ENGINEERED FEATURES: train vs test,hour,0.0,0.5008608114591384,0.00012128452386899065,0.0025079320815198924,0.3432541853594485,13.629470641116372,13.649679418841949,False,,stable,True,False
ENGINEERED FEATURES: train vs test,is_weekend,0.0,0.5061375350749739,0.0,0.012275070149947775,0.014115329904803589,0.2857207265056521,0.2979957966555999,False,,stable,False,False
ENGINEERED FEATURES: train vs test,is_deep_night,0.0,0.5006478584325511,0.0,0.0012957168651023254,0.7176934019039283,0.02824813987993584,0.02695242301483354,False,,stable,False,False
ENGINEERED FEATURES: train vs test,is_night,0.0,0.5007883169491931,0.0,0.0015766338983862482,0.6400043768464821,0.03884324167761927,0.03726660777923304,False,,stable,False,False
ENGINEERED FEATURES: train vs test,hour_sin,0.0,0.5011050854924318,3.194912052154692e-05,0.002820742149835742,0.20494583652478388,-0.22410484089749086,-0.22718117184005024,False,,stable,False,False
ENGINEERED FEATURES: train vs test,cust_ang_dev,0.0,0.5122458590941054,0.1261293696322108,0.032258333900042624,0.9743954480796586,1.1538153419378963,1.1091102380607463,False,,moderate,True,False
ENGINEERED FEATURES: train vs test,hour_volume_share,0.0,0.5071767884421385,0.1261638279342053,0.04428277322200194,0.617244775139512,0.05521358438359149,0.05520724879599932,False,,moderate,True,False
ENGINEERED FEATURES: train vs test,cust_ang_dev_weighted,0.0,0.5086430176407812,0.17264382059975691,0.0723820261814907,0.9838056680161943,0.580488983637229,0.4887510918336987,False,,moderate,True,False
ENGINEERED FEATURES: train vs test,days_since_signup,0.0,0.5534031139946145,0.22139828775737094,0.12630150696100698,0.8474669000984789,458.8718518680442,512.945124272791,False,,moderate,True,False
ENGINEERED FEATURES: train vs test,amount_bdt,0.0,0.5011460203629219,0.00019908887029894488,0.0029966832347169126,0.8936426304847357,1027.6664133513516,938.7857148502758,False,,stable,True,False
ENGINEERED FEATURES: train vs test,log_amount,0.0,0.5011460203629219,0.00019908887029894488,0.0029966832347169126,0.648101542838385,6.2208473402034326,6.210706380535329,False,,stable,True,False
ENGINEERED FEATURES: train vs test,cust_amt_prev_mean,0.0,0.5284690590883041,0.1169832993940568,0.01378200109323835,0.8562205930626983,1060.6551814769525,1006.4199618334784,False,,moderate,True,False
ENGINEERED FEATURES: train vs test,cust_amt_prev_std,0.0,0.5768659199175,0.2098394171274508,0.05910274810559246,0.41065762118393695,1242.277268781787,1253.350785695553,False,,moderate,True,False
ENGINEERED FEATURES: train vs test,cust_amt_prev_max,0.0,0.5970021881000811,0.18669657842986312,0.11767874169294967,0.9365357260094103,6674.127367320734,9212.971902082823,False,,moderate,True,False
ENGINEERED FEATURES: train vs test,amt_ratio_mean,0.0,0.5159888793037091,0.12195879961517736,0.023669105335713758,0.9286574023416128,1.1601467000075525,1.019181442322481,False,,moderate,True,False
ENGINEERED FEATURES: train vs test,amt_ratio_median,0.0,0.5255170218949387,0.11813521837984997,0.012490619750411394,0.9142138089506511,1.4235215810484558,1.290314026400597,False,,moderate,True,False
ENGINEERED FEATURES: train vs test,amt_ratio_max,0.0,0.5620297814336954,0.22465240021290667,0.13362009063478586,0.9921216763322027,0.5736455918384507,0.36028842042564924,False,,moderate,True,False
ENGINEERED FEATURES: train vs test,amt_ratio_min,0.0,0.5994025023256676,0.20477816664809695,0.11652516284803727,0.9577634314476419,4.173847032671931,4.741958223932501,False,,moderate,True,False
ENGINEERED FEATURES: train vs test,cust_n_24h,0.0,0.5272256890740044,0.01104232964681726,0.04640107208994759,0.9142138089506511,0.3749859961581655,0.7039916542292346,False,,stable,True,False
ENGINEERED FEATURES: train vs test,cust_amt_mean_6h,0.0,0.5163149802884109,0.011105080354543873,0.019757421194746827,0.19006455848561113,999.3056005439225,966.3874158618966,False,,stable,True,False
ENGINEERED FEATURES: train vs test,cust_amt_sum_6h,0.0,0.5166681128203292,0.0,0.032494877712086256,0.7522704891125943,131.0745459351703,231.5518208683356,False,,stable,False,False
ENGINEERED FEATURES: train vs test,cust_n_6h,0.0,0.5169065232596324,0.0,0.032464269976744675,0.816610132399606,0.12457954318784822,0.23656376595291037,False,,stable,False,False
ENGINEERED FEATURES: train vs test,cust_amt_mean_1h,0.0,0.5062281605033041,0.005687391102909282,0.027020546160251513,0.22989386147280885,1038.1029212414287,1026.3975410627281,False,,stable,True,False
ENGINEERED FEATURES: train vs test,cust_amt_sum_1h,0.0,0.5062333343794407,0.0,0.012452636655954974,0.5360542728963782,35.918240225208805,53.69724289628257,False,,stable,False,False
ENGINEERED FEATURES: train vs test,cust_n_1h,0.0,0.5062378484971859,0.0,0.012442691435679443,0.24980851296640771,0.03481560014318075,0.05312814108616856,False,,stable,False,False
ENGINEERED FEATURES: train vs test,cust_dt_vs_typical,0.0,0.5260221888880817,0.20486207644725743,0.035062534988798855,0.2167633220264799,22.285091767669723,18.11440996993039,False,,moderate,True,False
ENGINEERED FEATURES: train vs test,cust_dt3,0.0,0.5662381430567269,0.27789740078169956,0.04302120411020105,0.8682569208884998,1666808.438045734,2045730.4566521796,False,,significant,True,False
ENGINEERED FEATURES: train vs test,cust_dt2,0.0,0.5394115679042923,0.21455398942331663,0.03657039924627953,0.818798555640661,1218989.8525536864,1441927.348214458,False,,moderate,True,False
ENGINEERED FEATURES: train vs test,cust_log_dt,0.0,0.5098218050206771,0.12694540040914365,0.034811248500328434,0.07779844621949886,12.296818580716659,12.185516335054938,False,,moderate,True,False
ENGINEERED FEATURES: train vs test,cust_dt,0.0,0.5098218049348483,0.12694540040914365,0.034811248500328434,0.7260094102199365,675445.1876414526,760441.2304610522,False,,moderate,True,False
ENGINEERED FEATURES: train vs test,cust_prior_n,0.0,0.7017252152697906,0.5748789626890214,0.2928468664336039,0.9997811576758946,33.60874495520137,74.08405927324785,True,moderate,significant,True,False
ENGINEERED FEATURES: train vs test,amt_round_1000,0.0,0.5000010749202307,0.0,2.1498404613184974e-06,0.08790629537297602,5.4649138866194315e-06,7.614754348024733e-06,False,,stable,False,False
ENGINEERED FEATURES: train vs test,amt_round_100,0.0,0.5000049478238129,0.0,9.895647625768333e-06,0.058105816139934804,9.290353607253033e-05,0.00010279918369833389,False,,stable,False,False
ENGINEERED FEATURES: train vs test,amt_is_int,0.0,0.5000071189446216,0.0,1.4237889243373658e-05,0.08305066199803042,0.010174303428413727,0.010188541317657092,False,,stable,False,False
ENGINEERED FEATURES: train vs test,amt_rank_30d,0.0,0.5019227757737708,0.04297278597219157,0.002011526087741522,0.2474012474012474,0.5000736777314571,0.49947993607413727,False,,stable,True,False
ENGINEERED FEATURES: train vs test,amt_rank_7d,0.0,0.5021218552804944,0.04295495973488412,0.0009395667233953464,0.2156691104059525,0.5000887715823831,0.49969359537289454,False,,stable,True,False
ENGINEERED FEATURES: train vs test,cust_payme_prior_n,0.0,0.6794298263578643,0.41849494178198093,0.26373210700838273,0.9993434730276834,8.924300012842547,19.67409612865889,True,mild,significant,True,False
ENGINEERED FEATURES: train vs test,amt_z_by_payme,0.0,0.6043170630881939,0.2723361735534198,0.0256626245078293,0.6909946383630593,1.3945884366063073,0.7742203786784198,False,,significant,True,False
ENGINEERED FEATURES: train vs test,amt_ratio_mean_by_payme,0.0,0.5599878836019044,0.19785183033252376,0.02569103652718363,0.9529489003173213,1.287459541927563,1.1195725391517306,False,,moderate,True,False
ENGINEERED FEATURES: train vs test,cust_type_prior_n,0.0,0.6689986461605086,0.36849166577103964,0.24467727142799778,0.9993434730276834,11.97122722838695,26.398034631902775,True,mild,significant,True,False
ENGINEERED FEATURES: train vs test,amt_z_by_type,0.0,0.5954493561740023,0.23397612566960654,0.02296171405867964,0.6691104059525113,1.3792457040210293,0.6378546386741063,False,,moderate,True,False
ENGINEERED FEATURES: train vs test,amt_ratio_mean_by_type,0.0,0.5558526783071015,0.17206484959552903,0.0236853894118233,0.9376299376299376,1.2665471151542165,1.1041698592212286,False,,moderate,True,False
ENGINEERED FEATURES: train vs test,cust_categ_prior_n,0.0,0.6708135872253119,0.36790385887589216,0.25577999382050914,0.9993434730276834,7.263363763795492,16.08351101093479,True,mild,significant,True,False
ENGINEERED FEATURES: train vs test,cust_burst_24h_168h,0.0,0.5271476285022002,0.009465757929257029,0.045838481653235674,0.2290184921763869,0.15163374672852162,0.15637026746365595,False,,stable,True,False
ENGINEERED FEATURES: train vs test,cust_burst_1h_24h,0.0,0.5240414730771393,0.0,0.027513092227792413,0.26819126819126815,0.06909230037212152,0.06619904792037343,False,,stable,False,False
ENGINEERED FEATURES: train vs test,cust_amt_mean_24h,0.0,0.5235867163399596,0.0114745243928631,0.015280003835563882,0.8161724477513951,1011.6245429450519,944.145841136595,False,,stable,True,False
ENGINEERED FEATURES: train vs test,cust_amt_mean_72h,0.0,0.5233767692079546,0.009108725758854373,0.010300896175333807,0.8958310537257905,1022.8618364278836,935.3346586870108,False,,stable,True,False
ENGINEERED FEATURES: train vs test,cust_n_168h,0.0,0.5401019922853594,0.025478776782564275,0.058364308810000654,0.9284385600175075,2.4719335685067945,3.85834653224087,False,,stable,True,False
ENGINEERED FEATURES: train vs test,cust_txn_per_day,0.0,0.6670365805141492,0.3984500880463441,0.2282626550576714,0.999562315351789,0.1341715455991389,0.6011041040577634,True,mild,significant,True,False
ENGINEERED FEATURES: train vs test,cust_amt_sum_24h,0.0,0.5260065191035115,0.013996762422852518,0.04651738826316254,0.6804902068059963,376.5198752638942,643.0496627078128,False,,stable,True,False
ENGINEERED FEATURES: train vs test,dev_amt_mean_168h,0.0,0.5198030394050858,0.009951933965920834,0.009969891551920573,0.7916621074515812,940.9746662785315,901.8118403768647,False,,stable,True,False
ENGINEERED FEATURES: train vs test,dev_burst_1h_24h,0.0,0.5254712870472925,0.0,0.0217351044966696,0.11543932596564176,0.06386573216901012,0.06311635760910357,False,,stable,False,False
ENGINEERED FEATURES: train vs test,dev_n_168h,0.0,0.5494229171897157,0.033439748585546075,0.06794340444909974,0.9750519750519749,3.153917933388165,4.497742225335811,False,,stable,True,False
ENGINEERED FEATURES: train vs test,dev_amt_sum_168h,0.0,0.5415370902474336,0.022304481910380543,0.05749512664481471,0.7840026261078893,2947.4236907644117,4045.145476375996,False,,stable,True,False
ENGINEERED FEATURES: train vs test,dev_amt_mean_24h,0.0,0.5249795156348889,0.010906718963241323,0.012586190716326995,0.5931721194879089,945.2256607235848,913.3006542166985,False,,stable,True,False
ENGINEERED FEATURES: train vs test,loc_dt,0.0,0.5235123033762683,0.0071589787999646595,0.03399583323924793,0.9719881825144984,1063.5731128466339,925.9986255368402,False,,stable,True,False
ENGINEERED FEATURES: train vs test,loc_log_dt,0.0,0.5235123033762683,0.0071589787999646595,0.03399583323924793,0.9713316555421818,5.302625884720932,5.1442479151177265,False,,stable,True,False
ENGINEERED FEATURES: train vs test,loc_n_1h,0.0,0.5348214992208887,0.06719451572712853,0.07897636680428632,0.9586388007440639,23.547954619355085,27.690357436569098,False,,stable,True,False
ENGINEERED FEATURES: train vs test,custdev_prior_n,0.0,0.6727392511365139,0.3976283648295845,0.268627026837359,0.9993434730276834,27.416538468895077,60.66652325545978,True,mild,significant,True,False
ENGINEERED FEATURES: train vs test,custdev_dt,0.0,0.5170378878817313,0.042830647705948646,0.03383080804954042,0.7686836634205055,761463.1909292887,879023.8843206498,False,,stable,True,False
ENGINEERED FEATURES: train vs test,custdev_n_24h,0.0,0.524571023956836,0.01074886130385045,0.043243173073699404,0.9212167633220264,0.3014555798137011,0.5803965764064452,False,,stable,True,False
ENGINEERED FEATURES: train vs test,custdev_share_24h,0.0,0.5227628411553131,0.0112620497105461,0.02087986834720451,0.4671189408031513,0.8102071473679411,0.8178169170171954,False,,stable,True,False
ENGINEERED FEATURES: train vs test,cust_new_dev,0.0,0.502985645293832,0.0,0.005971290587664102,0.720319509793194,0.0813192848613688,0.07534799427370473,False,,stable,False,False
ENGINEERED FEATURES: train vs test,cust_dev_prior_n,0.0,0.6727392511365139,0.3976283648295845,0.268627026837359,0.9993434730276834,27.416538468895077,60.66652325545978,True,mild,significant,True,False
ENGINEERED FEATURES: train vs test,cust_n_72h,0.0,0.5349104162212139,0.022501748029719333,0.054210388601867665,0.92056023634971,1.0822619825068107,1.8578439584539004,False,,stable,True,False
ENGINEERED FEATURES: train vs test,cust_amt_sum_72h,0.0,0.5313219506256722,0.01633061700380562,0.04735207524013807,0.6025823394244446,1061.815933065597,1679.416499072938,False,,stable,True,False
ENGINEERED FEATURES: train vs test,dev_dt3,0.0,0.5092749500142878,0.2655990958097097,0.04584303223864397,0.17605864974286028,1014495.2526730428,984164.6935116557,False,,significant,True,False
ENGINEERED FEATURES: train vs test,dev_dt2,0.0,0.5050362829866577,0.16792596716180264,0.04705676940008946,0.00032826348615822297,689659.9029152406,653390.1859644572,False,,moderate,True,False
ENGINEERED FEATURES: train vs test,dev_dt_vs_typical,0.0,0.516247986404947,0.18027914656360133,0.056855825475643496,0.8816063026589342,5.905963237374928,1.6062302998430966,False,,moderate,True,False
ENGINEERED FEATURES: train vs test,dev_n_1h,0.0,0.5061942971531076,0.0,0.01232554334705116,0.6133056133056133,0.03755625445732039,0.05781121501020377,False,,stable,False,False
ENGINEERED FEATURES: train vs test,dev_n_6h,0.0,0.5173100361010562,0.009315237537841132,0.032969283695207796,0.8085129664077032,0.15775020425115652,0.26599859888519994,False,,stable,True,False
ENGINEERED FEATURES: train vs test,dev_amt_sum_6h,0.0,0.5170236705810028,0.00856450740925822,0.03300150822717873,0.6257796257796258,206.49211131627143,327.792390461165,False,,stable,True,False
ENGINEERED FEATURES: train vs test,dev_amt_sum_1h,0.0,0.5061853263397036,0.0,0.012327200883763711,0.5739139949666265,53.02798283980685,81.74952452314793,False,,stable,False,False
ENGINEERED FEATURES: train vs test,dev_amt_mean_1h,0.0,0.5061720206581586,0.004776353100185309,0.026233310490334727,0.23558376189955135,1126.1454774401573,1106.9159737092293,False,,stable,True,False
ENGINEERED FEATURES: train vs test,dev_n_24h,0.0,0.5296514349740622,0.010609440778602664,0.04873501786153156,0.9367545683335156,0.4782059234201617,0.7862081569248576,False,,stable,True,False
ENGINEERED FEATURES: train vs test,dev_amt_mean_6h,0.0,0.5165925923838737,0.009547429338932592,0.015735229098904957,0.16073968705547653,977.5743343615115,942.6421741499732,False,,stable,True,False
ENGINEERED FEATURES: train vs test,dev_amt_sum_24h,0.0,0.5280871795718098,0.01431017551522925,0.04888111741801504,0.6964656964656964,500.0144747662359,777.8850909972335,False,,stable,True,False
ENGINEERED FEATURES: train vs test,dev_prior_n,0.0,0.7695178656677135,1.3182927938147204,0.4082939484931413,1.0,43.47092392566624,98.38550836100028,True,moderate,significant,True,False
ENGINEERED FEATURES: train vs test,dev_dt,0.0,0.5149529184942073,0.0755339062321567,0.04134664054072218,0.2226720647773279,351382.67391173216,324886.40742280625,False,,stable,True,False
ENGINEERED FEATURES: train vs test,dev_log_dt,0.0,0.5149529184890056,0.0755339062321567,0.04134664054072218,0.49294233504759816,11.847779905268462,11.675381409708358,False,,stable,True,False
ENGINEERED FEATURES: train vs test,cust_amt_sum_168h,0.0,0.533750144943874,0.016310913076800226,0.047846218420341424,0.6216216216216216,2408.744410653331,3475.7851499245076,False,,stable,True,False
ENGINEERED FEATURES: train vs test,cust_amt_mean_168h,0.0,0.5187659525187716,0.007459962300440787,0.0058880515310520964,0.887952730057993,1024.89260210247,934.0648576413378,False,,stable,True,False
ENGINEERED FEATURES: train vs test,cust_mcat_share,0.0,0.547258897850287,0.25359846000049296,0.11125297589170435,0.3108655213918372,0.2147812118536703,0.2156694677044086,False,,significant,True,False
ENGINEERED FEATURES: train vs test,cust_mcat_dt,0.0,0.5931275308762909,0.2113194269215449,0.06952814042447131,0.9503227924280555,1849794.2190951135,2604365.2033357243,False,,moderate,True,False
ENGINEERED FEATURES: train vs test,cust_mcat_prior_n,0.0,0.6708135872253119,0.36790385887589216,0.25577999382050914,0.9993434730276834,7.263363763795492,16.08351101093479,True,mild,significant,True,False
ENGINEERED FEATURES: train vs test,cust_new_mcat,0.0,0.5505846019638032,0.0,0.10116920392760631,0.9897144107670423,0.18854089531684204,0.08737169138923578,False,,stable,False,False
ENGINEERED FEATURES: train vs test,cust_dtype_share,0.0,0.5206195862409786,0.29684271259982187,0.17440718877719685,0.488784330889594,0.8690861412761912,0.8718147103728278,False,,significant,True,False
ENGINEERED FEATURES: train vs test,cust_dtype_dt,0.0,0.5219397219015591,0.08229149671113953,0.03223011432832687,0.8831381989276726,783423.8351113043,969092.7379437783,False,,stable,True,False
ENGINEERED FEATURES: train vs test,cust_dtype_prior_n,0.0,0.6854214768385535,0.43651038578648516,0.2774976237043917,0.9997811576758946,29.333464946676102,64.86416039718559,True,mild,significant,True,False
ENGINEERED FEATURES: train vs test,cust_new_dtype,0.0,0.506197740590046,0.0,0.012395481180091816,0.9520735310208993,0.03899762549491626,0.026602144314824404,False,,stable,False,False
ENGINEERED FEATURES: train vs test,cust_loc_share,0.0,0.5000659825858019,0.24203898528368387,0.1367831916199871,0.5885764306816939,0.7837475040181661,0.7884321264702226,False,,moderate,True,False
ENGINEERED FEATURES: train vs test,cust_loc_dt,0.0,0.5271400834486626,0.05783321487119886,0.030699945257269906,0.9374110953058321,828213.8846034498,1069827.831302446,False,,stable,True,False
ENGINEERED FEATURES: train vs test,cust_loc_prior_n,0.0,0.6675573962013791,0.36970501451477017,0.26214886444636165,0.9997811576758946,26.29249858595353,58.281528890378,True,mild,significant,True,False
ENGINEERED FEATURES: train vs test,cust_new_loc,0.0,0.5086119388118147,0.0,0.017223877623629313,0.8168289747237116,0.09298687600930128,0.07576299838567208,False,,stable,False,False
ENGINEERED FEATURES: train vs test,cust_merch_share,0.0,0.5523788275701585,0.22020264720783644,0.11959268824765831,0.1622715833242149,0.1619673544205076,0.16239391068034884,False,,moderate,True,False
ENGINEERED FEATURES: train vs test,cust_merch_dt,0.0,0.5963374867225333,0.1825268939682103,0.07789280040871083,0.9577634314476419,2033873.5867575763,2892970.9536229535,False,,moderate,True,False
ENGINEERED FEATURES: train vs test,cust_merch_prior_n,0.0,0.6572284677948703,0.31175978157857487,0.24227081137722878,0.999562315351789,5.465392066584511,12.046312935944686,True,mild,significant,True,False
ENGINEERED FEATURES: train vs test,cust_new_merch,0.0,0.5530534722069235,0.0,0.10610694441384705,0.9831491410438778,0.25503250257534066,0.14892555816149372,False,,stable,False,False
ENGINEERED FEATURES: train vs test,cust_dev_share,0.0,0.5080125366093333,0.2857483155121471,0.15157667519489504,0.47105810263705,0.808033296505434,0.8111557964922407,False,,significant,True,False
ENGINEERED FEATURES: train vs test,cust_dev_dt,0.0,0.5170378878817313,0.042830647705948646,0.03383080804954042,0.7686836634205055,761463.1909292887,879023.8843206498,False,,stable,True,False
ENGINEERED FEATURES: train vs test,cust_prior_ndev,0.0,0.6707038692576194,0.41169308103678115,0.25180040400747916,0.9997811576758946,3.6093501944143114,6.661478480704212,True,mild,significant,True,False
ENGINEERED FEATURES: train vs test,dev_new_cust_168h,0.0,0.5171961603795094,0.007894268761179359,0.03325460118806278,0.39971550497866287,0.21968953824210116,0.17506700983826262,False,,stable,True,False
ENGINEERED FEATURES: train vs test,cust_prior_nmerch,0.0,0.6872845066065864,0.5067181039351308,0.2654540979138543,1.0,7.130207038262594,11.196232219548598,True,mild,significant,True,False
ENGINEERED FEATURES: train vs test,dev_cust_churn,0.0,0.6329736114832509,0.4424150991413819,0.22009202766555114,0.999562315351789,0.23232484521170715,0.12880150946099442,True,mild,significant,True,False
ENGINEERED FEATURES: train vs test,dev_new_cust_24h,0.0,0.5019495022645286,0.0,0.003929240407104184,0.08786519312835103,0.03735951755740209,0.0354695257530992,False,,stable,False,False
ENGINEERED FEATURES: train vs test,cust_new_pay,0.0,0.5453681569189768,0.0,0.09073631383795344,0.9945289418973631,0.1430687130947534,0.05233239925679998,False,,stable,False,False
ENGINEERED FEATURES: train vs test,cust_ttype_share,0.0,0.5361315981104449,0.2262839037237686,0.08656339162857324,0.00973848342269395,0.35696841064365115,0.35678407961687075,False,,moderate,True,False
ENGINEERED FEATURES: train vs test,cust_ttype_dt,0.0,0.5789091943188359,0.19950367695295598,0.057921449047625195,0.9395995185468871,1540492.1913034879,2158135.1892003263,False,,moderate,True,False
ENGINEERED FEATURES: train vs test,cust_ttype_prior_n,0.0,0.6689986461605086,0.36849166577103964,0.24467727142799778,0.9993434730276834,11.97122722838695,26.398034631902775,True,mild,significant,True,False
ENGINEERED FEATURES: train vs test,dev_prior_ncust,0.0,0.8196234174661656,1.7201525246238276,0.486564892006315,1.0,4.018239150096592,6.682320063354756,True,moderate,significant,True,False
ENGINEERED FEATURES: train vs test,cust_new_ttype,0.0,0.5397284153606352,0.0,0.07945683072127063,0.9932158879527301,0.1320405168715554,0.05258368615028479,False,,stable,False,False
ENGINEERED FEATURES: train vs test,cust_pay_prior_n,0.0,0.6794298263578643,0.41849494178198093,0.26373210700838273,0.9993434730276834,8.924300012842547,19.67409612865889,True,mild,significant,True,False
ENGINEERED FEATURES: train vs test,cust_pay_dt,0.0,0.5860883568305469,0.2277018484016688,0.06136645331810964,0.9444140496772077,1701313.296538014,2348563.004285276,False,,moderate,True,False
ENGINEERED FEATURES: train vs test,cust_pay_share,0.0,0.5418752274637136,0.23335866510195377,0.09846248084431598,0.2263923842871211,0.26516049496033467,0.2653687445738586,False,,moderate,True,False
ENGINEERED FEATURES: train vs test,merch_is_first_seen,0.0,0.5026408381555423,0.0,0.005281676311084671,0.98643177590546,0.005708102554573997,0.00042642624348938505,False,,stable,False,False
ENGINEERED FEATURES: train vs test,dev_is_first_seen,0.0,0.5121204860601858,0.0,0.024240972120371684,0.9424444687602583,0.026079935295419583,0.001838963175047973,False,,stable,False,False
ENGINEERED FEATURES: train vs test,time_since_loc_change,0.0,0.6224312377516078,0.26281940978273194,0.09034337289795913,0.9722070248386038,1638177.942956931,2582511.5254599317,True,mild,significant,True,False
ENGINEERED FEATURES: train vs test,loc_changed_vs_prev,0.0,0.5016179208777382,0.0,0.0032358417554763097,0.3235583761899551,0.20444516095537624,0.20768100271085255,False,,stable,False,False
ENGINEERED FEATURES: train vs test,cust_new_loc_24h,0.0,0.5027107791798548,0.0,0.0052697237262004926,0.24368092789145418,0.03222113227550817,0.04885626389692668,False,,stable,False,False
ENGINEERED FEATURES: train vs test,cust_new_dev_168h,0.0,0.5079106464517471,0.0008753494225800726,0.022756052950776318,0.21194879089615934,0.23296518030117142,0.3123686454874966,False,,stable,True,False
ENGINEERED FEATURES: train vs test,cust_new_loc_168h,0.0,0.5075348610680737,0.0023558909279136797,0.018446793270773032,0.32837290732027574,0.2197182290400059,0.2543404099783741,False,,stable,True,False
ENGINEERED FEATURES: train vs test,cust_dev_per_txn,0.0,0.6130714204505621,0.4325715083030797,0.22800496491300432,0.9997811576758946,0.23544530332165808,0.13935309538311488,True,mild,significant,True,False
ENGINEERED FEATURES: train vs test,cust_new_dev_24h,0.0,0.5058095118496541,0.0,0.011468403268009797,0.2290184921763869,0.03867109689019075,0.06128354299290305,False,,stable,False,False
ENGINEERED FEATURES: train vs test,cust_prior_nmcat,0.0,0.6798076131345406,0.475575297418991,0.25723825112325166,0.9997811576758946,5.054306215519809,6.8444077244068104,True,mild,significant,True,False
ENGINEERED FEATURES: train vs test,cust_prior_nloc,0.0,0.6773060009806787,0.44109500944884267,0.26012450607350374,0.9997811576758946,3.7075164425596565,6.235973622490938,True,mild,significant,True,False
ENGINEERED FEATURES: train vs test,g_cust_degree_merch,0.0,0.6846487377746647,0.571303552205898,0.2581457291748835,0.9956231535178903,7.030184404008132,10.959759830647863,True,mild,significant,True,False
ENGINEERED FEATURES: train vs test,g_dev_degree_cust,0.0,0.8207726040727256,1.828428652568943,0.48653716203069597,1.0,3.9672210712572142,6.587017605312052,True,moderate,significant,True,False
ENGINEERED FEATURES: train vs test,g_cust_2hop,0.0,0.7700430046804078,1.3111360307657245,0.39938317451414457,1.0,14.345077336528302,40.88328104535348,True,moderate,significant,True,False
ENGINEERED FEATURES: train vs test,cust_stream_age_frac,0.0,0.5908253119751297,0.18474412745085922,0.15517885561087957,0.32574679943101,0.8226934230541396,0.8369669957392727,False,,moderate,True,False
ENGINEERED FEATURES: train vs test,g_cust_degree_dev,0.0,0.6682342388077703,0.47550334715773257,0.24413818632830414,0.9967173651384177,3.5439529962531235,6.493371356340044,True,mild,significant,True,False
ENGINEERED FEATURES: train vs test,g_cm_cos,0.0,0.6765570409754014,1.1498656703691525,0.37263694666992886,0.048035890141153295,0.9911326718828254,0.9930575200127519,False,,significant,True,False
ENGINEERED FEATURES: train vs test,g_cd_cos,0.0,0.5021885168867573,1.5920347124580743,0.24866572548367494,0.743516796148375,0.9492750778834094,0.9851824979028165,False,,significant,True,False
ENGINEERED FEATURES: train vs test,gr_comp_size,0.0,0.5349471776103674,0.15674318983549168,0.044287585719115063,0.8328044643834117,2.877021468964159,3.3017612926806983,False,,moderate,True,False
ENGINEERED FEATURES: train vs test,g_same_component,0.0,0.5377455520474167,0.0,0.06163502166501739,0.7467994310099574,0.9173634858431304,0.9789985075081478,False,,stable,False,False
ENGINEERED FEATURES: train vs test,gr_comp_n_dev,0.0,0.5306222948236714,0.1492698851609893,0.03564540683876505,0.7649633439107124,1.0761481222629914,1.2627204471383753,False,,moderate,True,False
ENGINEERED FEATURES: train vs test,gr_cust_degree_dev,0.0,0.5271337128663913,0.14813411841695065,0.026941075010416204,0.8126709705657075,0.8613350639409596,0.9561352075782035,False,,moderate,True,False
ENGINEERED FEATURES: train vs test,gr_dev_degree_cust,0.0,0.533357194962571,0.1509103971787786,0.03730416058103514,0.9708939708939709,1.2717636389353435,1.359587737199598,False,,moderate,True,False
ENGINEERED FEATURES: train vs test,gr_comp_n_cust,0.0,0.5364338777255243,0.1552578090270337,0.04650549378101265,0.8940803151329467,1.800873346701168,2.039040845542323,False,,moderate,True,False
ENGINEERED FEATURES: train vs test,gr_cust_2hop,0.0,0.5359662680434589,0.15573412090057487,0.04650549378101265,0.9428821534084693,0.6300077378129446,0.7774511894246292,False,,moderate,True,False
ENGINEERED FEATURES: train vs test,gr_same_component,0.0,0.520148345929303,0.0,0.02591313297164166,0.8730714520188204,0.5800614032898186,0.6059745362614603,False,,stable,False,False
ENGINEERED FEATURES: train vs test,gnn_cd_cos,0.0,0.8357928589724388,1.9306329057063232,0.49924059153932343,0.9706751285698655,0.7946573595223032,0.9529481630018839,True,moderate,significant,True,False
ENGINEERED FEATURES: train vs test,gr_dev_degree_ratio,0.0,0.6391098871658359,0.7849825669700539,0.27624320499248833,0.9978115767589453,0.37550328336156347,0.22427785985191878,True,mild,significant,True,False
ENGINEERED FEATURES: train vs test,gnn_cd_score,0.0,0.615970552817319,1.1961737029175905,0.30259831775313334,0.8636612320822847,14.80518139274629,17.221198159858577,True,mild,significant,True,False
ENGINEERED FEATURES: train vs test,gnn_cm_cos,0.0,0.9330091804951637,3.8848917818843676,0.7489779516890549,0.9796476638581902,0.5712237590303182,0.9580508117381873,True,severe,significant,True,False
ENGINEERED FEATURES: train vs test,g_comp_size_frac,0.0,0.9808482692656881,10.047986030716578,0.9584833609862027,0.9759273443483969,0.6470617505894561,0.9628023868513688,True,severe,significant,True,False
ENGINEERED FEATURES: train vs test,g_dev_share_of_cust,0.0,0.5309829632826621,0.19895014220326784,0.08037505760361341,0.9989057883794725,2.0166585424118364,2.4362861004227345,False,,moderate,True,False
"RAW COLUMNS, LABELLED PERIOD ONLY: Jan-Apr vs the tail window (Jun 29 - Jul 15)",account_age_days,0.7456409676744444,0.5927707145657651,0.30251574214897864,0.19319882208805467,1.0,430.4833869971721,517.1610810167272,False,,significant,True,False
"RAW COLUMNS, LABELLED PERIOD ONLY: Jan-Apr vs the tail window (Jun 29 - Jul 15)",dayofweek,0.10836086097096598,0.5498343086506139,0.042923735171940786,0.10278938227784773,0.2857142857142857,3.0006061393254537,2.65380379784511,False,,stable,True,False
"RAW COLUMNS, LABELLED PERIOD ONLY: Jan-Apr vs the tail window (Jun 29 - Jul 15)",location,0.060203193700406846,0.5009704244231239,0.0001291373619426949,0.0028002159202009658,0.10389610389610389,24.74677732127435,24.78407940948866,False,,stable,False,False
"RAW COLUMNS, LABELLED PERIOD ONLY: Jan-Apr vs the tail window (Jun 29 - Jul 15)",amount_bdt,0.040627081934856396,0.5019357580301879,0.00035117196300703615,0.00523476111755572,0.696103896103896,1059.5571591563887,942.0083784704669,False,,stable,True,False
"RAW COLUMNS, LABELLED PERIOD ONLY: Jan-Apr vs the tail window (Jun 29 - Jul 15)",device_type,0.01857043764481427,0.5040453904182983,0.0003020052390351499,0.0071922032152668125,0.16753246753246753,2.755336190847296,2.771920947675457,False,,stable,False,False
"RAW COLUMNS, LABELLED PERIOD ONLY: Jan-Apr vs the tail window (Jun 29 - Jul 15)",merchant_category,0.008884675996423702,0.5007904570107844,0.000154538356621807,0.0025418590864781376,0.2922077922077922,5.468260858666995,5.4597892731710225,False,,stable,False,False
"RAW COLUMNS, LABELLED PERIOD ONLY: Jan-Apr vs the tail window (Jun 29 - Jul 15)",hour,0.008398689576734565,0.5020152411832399,0.0002944388048321191,0.004807640495437249,0.16233766233766234,13.621324710659621,13.667867134948509,False,,stable,False,False
"RAW COLUMNS, LABELLED PERIOD ONLY: Jan-Apr vs the tail window (Jun 29 - Jul 15)",log_amount,0.004201022852682237,0.5019357580471436,0.00035117196300703615,0.00523476111755572,0.4506493506493507,6.224844947179863,6.210631396477545,False,,stable,True,False
"RAW COLUMNS, LABELLED PERIOD ONLY: Jan-Apr vs the tail window (Jun 29 - Jul 15)",payment_method,0.0029490019418048005,0.5007984762401887,5.057663789009804e-05,0.0018886603557775605,0.006493506493506493,2.2004338681487456,2.197660575034228,False,,stable,False,False
"RAW COLUMNS, LABELLED PERIOD ONLY: Jan-Apr vs the tail window (Jun 29 - Jul 15)",transaction_type,0.002164067706866789,0.5002839913911931,0.00010287260226206251,0.002260794073937422,0.2506493506493506,2.3066130711894686,2.3051818560628607,False,,stable,False,False
